{
  "force": {
    "x": 1.7479223340473755,
    "y": 0.8412488775856144,
    "z": -1.60641261926512
  },
  "torque": {
    "x": 0.0720752215941627,
    "y": 0.005141146960219202,
    "z": -0.18908683919374053
  }
}