{
  "header": {
    "seq": 1868506,
    "stamp": {
      "secs": 1678693748,
      "nsecs": 653133345
    },
    "frame_id": ""
  },
  "name": [
    "elbow_joint",
    "shoulder_lift_joint",
    "shoulder_pan_joint",
    "wrist_1_joint",
    "wrist_2_joint",
    "wrist_3_joint"
  ],
  "position": [
    1.997866455708639,
    -1.6679827175536097,
    0.06297826766967773,
    -1.908072134057516,
    -1.5328009764300745,
    -4.619442288075582
  ],
  "velocity": [
    -0.0,
    0.0,
    -0.0,
    0.0,
    0.0,
    0.0
  ],
  "effort": [
    -5.3610734939575195,
    -3.1894638538360596,
    -0.5969230532646179,
    -0.5761242508888245,
    -0.10555665194988251,
    -0.042627982795238495
  ]
}